"Seasonal adjustment","Seasonally adjusted at annual rates",,,,,,,,,,,,,,,,,,,,,,,,,,,,,,,,,,,,,,,
"Levels of government","General governments",,,,,,,,,,,,,,,,,,,,,,,,,,,,,,,,,,,,,,,
"Geography","Canada",,,,,,,,,,,,,,,,,,,,,,,,,,,,,,,,,,,,,,,
"Estimates","Q1 2010","Q2 2010","Q3 2010","Q4 2010","Q1 2011","Q2 2011","Q3 2011","Q4 2011","Q1 2012","Q2 2012","Q3 2012","Q4 2012","Q1 2013","Q2 2013","Q3 2013","Q4 2013","Q1 2014","Q2 2014","Q3 2014","Q4 2014","Q1 2015","Q2 2015","Q3 2015","Q4 2015","Q1 2016","Q2 2016","Q3 2016","Q4 2016","Q1 2017","Q2 2017","Q3 2017","Q4 2017","Q1 2018","Q2 2018","Q3 2018","Q4 2018","Q1 2019","Q2 2019","Q3 2019","Q4 2019"
,"Dollars",,,,,,,,,,,,,,,,,,,,,,,,,,,,,,,,,,,,,,,
"General governments revenue","632,120","644,080","632,296","645,648","663,952","682,032","680,456","689,048","697,564","697,760","699,900","711,480","711,860","724,392","742,176","748,448","763,000","765,220","772,400","775,144","778,012","799,332","793,964","809,940","812,064","812,312","814,536","826,240","843,448","871,460","863,968","875,528","894,000","912,652","928,888","932,956","930,780","939,172","941,660","947,328"
"Taxes on incomes","241,064","250,712","234,700","242,908","251,840","259,484","266,352","265,528","267,096","271,260","271,128","278,252","274,300","280,140","286,168","291,768","298,860","299,396","303,940","304,284","307,940","314,852","319,784","323,368","329,688","318,100","323,900","331,628","339,092","341,496","344,712","351,632","358,376","368,268","377,300","380,096","373,024","375,172","376,780","383,236"
"From households","163,744","188,132","185,384","189,396","195,476","195,824","201,172","199,204","203,548","208,996","207,104","213,356","209,828","213,204","216,732","219,864","224,660","225,820","229,208","229,760","233,384","239,440","243,368","248,472","253,128","237,024","237,208","241,196","249,196","250,524","252,344","258,036","260,748","269,436","273,056","274,704","276,388","278,664","280,272","282,448"
"Income taxes","163,568","187,948","185,216","189,212","195,288","195,644","200,920","199,004","203,364","208,788","206,916","213,148","209,620","212,964","216,512","219,648","224,444","225,600","228,980","229,532","233,140","239,168","243,100","248,184","252,876","236,772","236,940","240,928","248,880","250,212","252,032","257,760","260,408","269,080","272,740","274,380","276,056","278,316","279,924","282,100"
"Wealth transfer taxes","176","184","168","184","188","180","252","200","184","208","188","208","208","240","220","216","216","220","228","228","244","272","268","288","252","252","268","268","316","312","312","276","340","356","316","324","332","348","348","348"
"From corporations and government business enterprises, liabilities","70,284","57,772","44,032","48,564","51,024","58,180","60,132","60,160","58,604","57,464","58,972","59,692","60,152","61,424","63,776","65,900","65,848","67,760","68,864","67,980","67,520","69,072","68,824","69,292","70,516","74,896","79,672","82,588","82,632","83,588","84,344","86,352","89,280","89,904","95,388","95,824","86,840","87,160","87,668","88,636"
"From non-residents (withholding taxes)","7,036","4,808","5,284","4,948","5,340","5,480","5,048","6,164","4,944","4,800","5,052","5,204","4,320","5,512","5,660","6,004","8,352","5,816","5,868","6,544","7,036","6,340","7,592","5,604","6,044","6,180","7,020","7,844","7,264","7,384","8,024","7,244","8,348","8,928","8,856","9,568","9,796","9,348","8,840","12,152"
"Contributions to social insurance plans","74,832","74,384","75,992","77,640","76,276","80,308","80,396","80,696","82,016","84,092","86,624","86,320","88,492","88,632","89,420","90,356","91,572","91,688","91,864","93,508","94,456","94,704","95,088","98,220","97,284","97,792","98,160","97,304","96,760","97,036","97,912","98,500","101,692","102,460","103,148","102,540","105,612","106,592","107,000","108,272"
"Of which: employer and employee contributions to employment insurance","..","..","..","..","..","..","..","..","..","..","..","..","..","..","..","..","..","..","..","..","..","..","..","..","..","..","..","..","..","..","..","..","..","..","..","..","..","..","..",".."
"Taxes on production and imports","193,012","196,232","200,240","200,608","203,460","206,028","206,000","207,796","210,844","211,736","212,624","214,604","216,736","217,392","220,468","223,200","226,216","228,488","230,732","232,352","235,388","240,296","243,164","244,496","245,916","248,416","250,164","252,656","258,136","265,984","267,148","269,256","271,596","273,308","275,664","277,728","279,180","283,004","282,704","282,124"
"Taxes on production","77,780","77,380","78,168","78,076","79,156","80,244","80,276","80,948","82,208","83,480","83,296","83,972","85,288","86,024","87,192","88,120","88,540","89,868","90,196","91,072","92,232","94,244","95,500","96,288","96,656","96,944","97,324","98,492","99,384","103,324","103,720","104,856","105,912","106,616","105,356","106,792","107,852","109,992","110,944","111,052"
"Other federal taxes on production","..","..","..","..","..","..","..","..","..","..","..","..","..","..","..","..","..","..","..","..","..","..","..","..","..","..","..","..","..","..","..","..","..","..","..","..","..","..","..",".."
"Licences, permits and fees","..","..","..","..","..","..","..","..","..","..","..","..","..","..","..","..","..","..","..","..","..","..","..","..","..","..","..","..","..","..","..","..","..","..","..","..","..","..","..",".."
"Real property taxes","..","..","..","..","..","..","..","..","..","..","..","..","..","..","..","..","..","..","..","..","..","..","..","..","..","..","..","..","..","..","..","..","..","..","..","..","..","..","..",".."
"Business taxes","..","..","..","..","..","..","..","..","..","..","..","..","..","..","..","..","..","..","..","..","..","..","..","..","..","..","..","..","..","..","..","..","..","..","..","..","..","..","..",".."
"Developers' fees","..","..","..","..","..","..","..","..","..","..","..","..","..","..","..","..","..","..","..","..","..","..","..","..","..","..","..","..","..","..","..","..","..","..","..","..","..","..","..",".."
"Agricultural insurance premiums","..","..","..","..","..","..","..","..","..","..","..","..","..","..","..","..","..","..","..","..","..","..","..","..","..","..","..","..","..","..","..","..","..","..","..","..","..","..","..",".."
"Other local taxes on production","..","..","..","..","..","..","..","..","..","..","..","..","..","..","..","..","..","..","..","..","..","..","..","..","..","..","..","..","..","..","..","..","..","..","..","..","..","..","..",".."
"Taxes on products","115,232","118,852","122,072","122,532","124,304","125,784","125,724","126,848","128,636","128,256","129,328","130,632","131,448","131,368","133,276","135,080","137,676","138,620","140,536","141,280","143,156","146,052","147,664","148,208","149,260","151,472","152,840","154,164","158,752","162,660","163,428","164,400","165,684","166,692","170,308","170,936","171,328","173,012","171,760","171,072"
"Custom import duties","..","..","..","..","..","..","..","..","..","..","..","..","..","..","..","..","..","..","..","..","..","..","..","..","..","..","..","..","..","..","..","..","..","..","..","..","..","..","..",".."
"Sales taxes","..","..","..","..","..","..","..","..","..","..","..","..","..","..","..","..","..","..","..","..","..","..","..","..","..","..","..","..","..","..","..","..","..","..","..","..","..","..","..",".."
"Goods and services tax (GST)","..","..","..","..","..","..","..","..","..","..","..","..","..","..","..","..","..","..","..","..","..","..","..","..","..","..","..","..","..","..","..","..","..","..","..","..","..","..","..",".."
"Excise taxes","..","..","..","..","..","..","..","..","..","..","..","..","..","..","..","..","..","..","..","..","..","..","..","..","..","..","..","..","..","..","..","..","..","..","..","..","..","..","..",".."
"Excise duties","..","..","..","..","..","..","..","..","..","..","..","..","..","..","..","..","..","..","..","..","..","..","..","..","..","..","..","..","..","..","..","..","..","..","..","..","..","..","..",".."
"Of which: cannabis taxes","..","..","..","..","..","..","..","..","..","..","..","..","..","..","..","..","..","..","..","..","..","..","..","..","..","..","..","..","..","..","..","..","..","..","..","..","..","..","..",".."
"Manufacturers' sales tax","..","..","..","..","..","..","..","..","..","..","..","..","..","..","..","..","..","..","..","..","..","..","..","..","..","..","..","..","..","..","..","..","..","..","..","..","..","..","..",".."
"Gasoline and motive fuel taxes","..","..","..","..","..","..","..","..","..","..","..","..","..","..","..","..","..","..","..","..","..","..","..","..","..","..","..","..","..","..","..","..","..","..","..","..","..","..","..",".."
"Oil export tax","..","..","..","..","..","..","..","..","..","..","..","..","..","..","..","..","..","..","..","..","..","..","..","..","..","..","..","..","..","..","..","..","..","..","..","..","..","..","..",".."
"Natural gas and gas liquids tax","..","..","..","..","..","..","..","..","..","..","..","..","..","..","..","..","..","..","..","..","..","..","..","..","..","..","..","..","..","..","..","..","..","..","..","..","..","..","..",".."
"Old Age Security Fund levy","..","..","..","..","..","..","..","..","..","..","..","..","..","..","..","..","..","..","..","..","..","..","..","..","..","..","..","..","..","..","..","..","..","..","..","..","..","..","..",".."
"Air travellers security charge","..","..","..","..","..","..","..","..","..","..","..","..","..","..","..","..","..","..","..","..","..","..","..","..","..","..","..","..","..","..","..","..","..","..","..","..","..","..","..",".."
"Parimutuel supervision","..","..","..","..","..","..","..","..","..","..","..","..","..","..","..","..","..","..","..","..","..","..","..","..","..","..","..","..","..","..","..","..","..","..","..","..","..","..","..",".."
"Petroleum compensation charge","..","..","..","..","..","..","..","..","..","..","..","..","..","..","..","..","..","..","..","..","..","..","..","..","..","..","..","..","..","..","..","..","..","..","..","..","..","..","..",".."
"Western Grain Stabilization levy","..","..","..","..","..","..","..","..","..","..","..","..","..","..","..","..","..","..","..","..","..","..","..","..","..","..","..","..","..","..","..","..","..","..","..","..","..","..","..",".."
"Canadian ownership charge","..","..","..","..","..","..","..","..","..","..","..","..","..","..","..","..","..","..","..","..","..","..","..","..","..","..","..","..","..","..","..","..","..","..","..","..","..","..","..",".."
"Other excise taxes","..","..","..","..","..","..","..","..","..","..","..","..","..","..","..","..","..","..","..","..","..","..","..","..","..","..","..","..","..","..","..","..","..","..","..","..","..","..","..",".."
"Other federal taxes on products","..","..","..","..","..","..","..","..","..","..","..","..","..","..","..","..","..","..","..","..","..","..","..","..","..","..","..","..","..","..","..","..","..","..","..","..","..","..","..",".."
"Federal-provincial lottery agreement","..","..","..","..","..","..","..","..","..","..","..","..","..","..","..","..","..","..","..","..","..","..","..","..","..","..","..","..","..","..","..","..","..","..","..","..","..","..","..",".."
"Deed transfer tax","..","..","..","..","..","..","..","..","..","..","..","..","..","..","..","..","..","..","..","..","..","..","..","..","..","..","..","..","..","..","..","..","..","..","..","..","..","..","..",".."
"Amusement taxes","..","..","..","..","..","..","..","..","..","..","..","..","..","..","..","..","..","..","..","..","..","..","..","..","..","..","..","..","..","..","..","..","..","..","..","..","..","..","..",".."
"Meals and hotels taxes","..","..","..","..","..","..","..","..","..","..","..","..","..","..","..","..","..","..","..","..","..","..","..","..","..","..","..","..","..","..","..","..","..","..","..","..","..","..","..",".."
"Other excise taxes","..","..","..","..","..","..","..","..","..","..","..","..","..","..","..","..","..","..","..","..","..","..","..","..","..","..","..","..","..","..","..","..","..","..","..","..","..","..","..",".."
"Other current transfers from households","10,544","10,696","10,748","11,004","11,016","11,084","11,212","11,276","11,348","11,316","11,424","11,388","11,744","11,756","11,688","11,972","11,860","11,748","11,972","12,112","12,196","12,564","12,852","12,768","12,956","12,492","12,588","12,760","12,844","13,056","13,288","13,296","13,296","13,396","13,440","13,632","14,112","13,708","13,780","13,816"
"Current transfers from non-profit institutions serving households","3,328","3,352","3,428","3,444","3,444","3,488","3,556","3,580","3,576","3,616","3,636","3,648","3,632","3,632","3,640","3,640","3,752","3,764","3,780","3,796","4,252","3,900","3,608","3,516","3,432","3,472","3,524","3,480","3,860","3,872","3,928","3,916","3,912","3,924","3,992","4,008","5,168","3,996","4,052","4,084"
"Current transfers from general governments","..","..","..","..","..","..","..","..","..","..","..","..","..","..","..","..","..","..","..","..","..","..","..","..","..","..","..","..","..","..","..","..","..","..","..","..","..","..","..",".."
"From federal general government","..","..","..","..","..","..","..","..","..","..","..","..","..","..","..","..","..","..","..","..","..","..","..","..","..","..","..","..","..","..","..","..","..","..","..","..","..","..","..",".."
"From provincial and territorial general governments","..","..","..","..","..","..","..","..","..","..","..","..","..","..","..","..","..","..","..","..","..","..","..","..","..","..","..","..","..","..","..","..","..","..","..","..","..","..","..",".."
"From provincial administration","..","..","..","..","..","..","..","..","..","..","..","..","..","..","..","..","..","..","..","..","..","..","..","..","..","..","..","..","..","..","..","..","..","..","..","..","..","..","..",".."
"From provincial education","..","..","..","..","..","..","..","..","..","..","..","..","..","..","..","..","..","..","..","..","..","..","..","..","..","..","..","..","..","..","..","..","..","..","..","..","..","..","..",".."
"From provincial health and social services","..","..","..","..","..","..","..","..","..","..","..","..","..","..","..","..","..","..","..","..","..","..","..","..","..","..","..","..","..","..","..","..","..","..","..","..","..","..","..",".."
"From local general governments","..","..","..","..","..","..","..","..","..","..","..","..","..","..","..","..","..","..","..","..","..","..","..","..","..","..","..","..","..","..","..","..","..","..","..","..","..","..","..",".."
"From Aboriginal general governments","..","..","..","..","..","..","..","..","..","..","..","..","..","..","..","..","..","..","..","..","..","..","..","..","..","..","..","..","..","..","..","..","..","..","..","..","..","..","..",".."
"Other current transfers from non-residents","448","444","440","440","452","464","468","468","448","476","488","480","484","508","516","516","496","528","536","532","512","540","552","540","540","540","540","540","568","568","568","568","596","596","596","596","624","624","624","624"
"Investment income","47,456","45,892","44,256","46,552","53,044","56,076","47,072","53,756","55,012","48,492","46,172","48,808","47,136","52,176","59,072","55,204","58,120","57,204","56,156","54,248","48,292","56,384","42,780","45,280","44,572","53,512","46,856","48,256","52,308","67,368","53,352","53,188","57,720","62,976","66,592","66,552","64,888","65,944","65,984","64,448"
"Royalties","..","..","..","..","..","..","..","..","..","..","..","..","..","..","..","..","..","..","..","..","..","..","..","..","..","..","..","..","..","..","..","..","..","..","..","..","..","..","..",".."
"Interest and other investment income","..","..","..","..","..","..","..","..","..","..","..","..","..","..","..","..","..","..","..","..","..","..","..","..","..","..","..","..","..","..","..","..","..","..","..","..","..","..","..",".."
"Remitted profits of government business enterprises","..","..","..","..","..","..","..","..","..","..","..","..","..","..","..","..","..","..","..","..","..","..","..","..","..","..","..","..","..","..","..","..","..","..","..","..","..","..","..",".."
"Sales of goods and services","61,420","61,736","62,484","63,044","64,412","65,100","65,400","65,948","67,224","66,768","67,800","67,976","69,332","70,156","71,204","71,792","72,124","72,404","73,420","74,312","74,976","76,092","76,136","77,092","77,676","77,988","78,804","79,616","79,880","82,080","83,060","85,172","86,812","87,724","88,156","87,804","88,172","90,132","90,736","90,724"
"Capital transfers","16","632","8","8","8","0","0","0","0","4","4","4","4","0","0","0","0","0","0","0","0","0","0","4,660","0","0","0","0","0","0","0","0","0","0","0","0","0","0","0","0"
"From households","16","8","8","8","8","0","0","0","0","4","4","4","4","0","0","0","0","0","0","0","0","0","0","0","0","0","0","0","0","0","0","0","0","0","0","0","0","0","0","0"
"From non-profit institutions serving households","0","0","0","0","0","0","0","0","0","0","0","0","0","0","0","0","0","0","0","0","0","0","0","0","0","0","0","0","0","0","0","0","0","0","0","0","0","0","0","0"
"From business","0","624","0","0","0","0","0","0","0","0","0","0","0","0","0","0","0","0","0","0","0","0","0","4,660","0","0","0","0","0","0","0","0","0","0","0","0","0","0","0","0"
"From general governments","..","..","..","..","..","..","..","..","..","..","..","..","..","..","..","..","..","..","..","..","..","..","..","..","..","..","..","..","..","..","..","..","..","..","..","..","..","..","..",".."
"From federal general government","..","..","..","..","..","..","..","..","..","..","..","..","..","..","..","..","..","..","..","..","..","..","..","..","..","..","..","..","..","..","..","..","..","..","..","..","..","..","..",".."
"From provincial and territorial general governments","..","..","..","..","..","..","..","..","..","..","..","..","..","..","..","..","..","..","..","..","..","..","..","..","..","..","..","..","..","..","..","..","..","..","..","..","..","..","..",".."
"From provincial administration","..","..","..","..","..","..","..","..","..","..","..","..","..","..","..","..","..","..","..","..","..","..","..","..","..","..","..","..","..","..","..","..","..","..","..","..","..","..","..",".."
"From provincial education","..","..","..","..","..","..","..","..","..","..","..","..","..","..","..","..","..","..","..","..","..","..","..","..","..","..","..","..","..","..","..","..","..","..","..","..","..","..","..",".."
"From provincial health and social services","..","..","..","..","..","..","..","..","..","..","..","..","..","..","..","..","..","..","..","..","..","..","..","..","..","..","..","..","..","..","..","..","..","..","..","..","..","..","..",".."
"From local general governments","..","..","..","..","..","..","..","..","..","..","..","..","..","..","..","..","..","..","..","..","..","..","..","..","..","..","..","..","..","..","..","..","..","..","..","..","..","..","..",".."
"From Aboriginal general governments","..","..","..","..","..","..","..","..","..","..","..","..","..","..","..","..","..","..","..","..","..","..","..","..","..","..","..","..","..","..","..","..","..","..","..","..","..","..","..",".."
"From non-residents","0","0","0","0","0","0","0","0","0","0","0","0","0","0","0","0","0","0","0","0","0","0","0","0","0","0","0","0","0","0","0","0","0","0","0","0","0","0","0","0"
"General governments expenditure","675,644","681,836","693,472","702,212","709,456","715,636","718,620","722,480","726,368","725,136","731,384","735,424","745,512","741,696","748,888","754,988","754,576","760,480","763,716","770,040","782,344","783,380","796,604","794,172","806,008","809,668","819,812","828,944","842,960","849,892","853,560","865,428","877,756","890,248","897,208","913,632","917,748","932,300","935,804","948,556"
"Final expenditure on goods and services","414,956","416,868","421,368","426,656","432,924","437,832","444,220","446,448","447,672","448,872","455,044","457,260","461,168","460,636","465,732","470,340","474,524","475,564","478,912","480,448","488,064","489,480","494,376","494,620","499,516","503,740","506,508","509,660","515,912","524,256","527,244","535,516","541,892","548,440","551,968","557,672","560,444","566,352","571,180","579,212"
"Non-defence","..","..","..","..","..","..","..","..","..","..","..","..","..","..","..","..","..","..","..","..","..","..","..","..","..","..","..","..","..","..","..","..","..","..","..","..","..","..","..",".."
"Defence","..","..","..","..","..","..","..","..","..","..","..","..","..","..","..","..","..","..","..","..","..","..","..","..","..","..","..","..","..","..","..","..","..","..","..","..","..","..","..",".."
"Municipalities","..","..","..","..","..","..","..","..","..","..","..","..","..","..","..","..","..","..","..","..","..","..","..","..","..","..","..","..","..","..","..","..","..","..","..","..","..","..","..",".."
"Schools","..","..","..","..","..","..","..","..","..","..","..","..","..","..","..","..","..","..","..","..","..","..","..","..","..","..","..","..","..","..","..","..","..","..","..","..","..","..","..",".."
"Current transfers to households 1","157,740","161,648","159,996","167,084","162,052","166,436","163,972","164,680","167,700","166,552","167,728","168,452","173,992","173,116","176,040","177,976","176,392","177,208","179,968","181,608","189,400","190,368","192,564","194,260","195,764","199,260","204,764","208,620","209,852","214,052","214,292","216,860","217,636","221,128","222,508","225,216","228,992","234,348","231,212","233,568"
"Family and youth allowances","..","..","..","..","..","..","..","..","..","..","..","..","..","..","..","..","..","..","..","..","..","..","..","..","..","..","..","..","..","..","..","..","..","..","..","..","..","..","..",".."
"Canada Child Benefit","..","..","..","..","..","..","..","..","..","..","..","..","..","..","..","..","..","..","..","..","..","..","..","..","..","..","..","..","..","..","..","..","..","..","..","..","..","..","..",".."
"Child Tax Benefit","..","..","..","..","..","..","..","..","..","..","..","..","..","..","..","..","..","..","..","..","..","..","..","..","..","..","..","..","..","..","..","..","..","..","..","..","..","..","..",".."
"Universal Childcare Benefit","..","..","..","..","..","..","..","..","..","..","..","..","..","..","..","..","..","..","..","..","..","..","..","..","..","..","..","..","..","..","..","..","..","..","..","..","..","..","..",".."
"Child Tax Credit","..","..","..","..","..","..","..","..","..","..","..","..","..","..","..","..","..","..","..","..","..","..","..","..","..","..","..","..","..","..","..","..","..","..","..","..","..","..","..",".."
"Employment Insurance benefits 1","..","..","..","..","..","..","..","..","..","..","..","..","..","..","..","..","..","..","..","..","..","..","..","..","..","..","..","..","..","..","..","..","..","..","..","..","..","..","..",".."
"Old age security","..","..","..","..","..","..","..","..","..","..","..","..","..","..","..","..","..","..","..","..","..","..","..","..","..","..","..","..","..","..","..","..","..","..","..","..","..","..","..",".."
"Goods and Services Tax credit","..","..","..","..","..","..","..","..","..","..","..","..","..","..","..","..","..","..","..","..","..","..","..","..","..","..","..","..","..","..","..","..","..","..","..","..","..","..","..",".."
"Military veterans' benefits","..","..","..","..","..","..","..","..","..","..","..","..","..","..","..","..","..","..","..","..","..","..","..","..","..","..","..","..","..","..","..","..","..","..","..","..","..","..","..",".."
"Adult occupational training","..","..","..","..","..","..","..","..","..","..","..","..","..","..","..","..","..","..","..","..","..","..","..","..","..","..","..","..","..","..","..","..","..","..","..","..","..","..","..",".."
"Research and scholarship grants","..","..","..","..","..","..","..","..","..","..","..","..","..","..","..","..","..","..","..","..","..","..","..","..","..","..","..","..","..","..","..","..","..","..","..","..","..","..","..",".."
"Other federal transfers to households 1","..","..","..","..","..","..","..","..","..","..","..","..","..","..","..","..","..","..","..","..","..","..","..","..","..","..","..","..","..","..","..","..","..","..","..","..","..","..","..",".."
"Social assistance","..","..","..","..","..","..","..","..","..","..","..","..","..","..","..","..","..","..","..","..","..","..","..","..","..","..","..","..","..","..","..","..","..","..","..","..","..","..","..",".."
"Other current transfers to households","..","..","..","..","..","..","..","..","..","..","..","..","..","..","..","..","..","..","..","..","..","..","..","..","..","..","..","..","..","..","..","..","..","..","..","..","..","..","..",".."
"Current transfers to non-profit institutions serving households 1","15,952","17,140","17,768","17,972","17,712","17,564","17,068","16,776","16,248","16,656","16,620","16,264","15,592","16,376","15,896","16,092","15,336","16,404","15,864","15,940","16,080","14,772","15,492","15,272","15,692","17,392","17,380","18,152","18,808","19,140","17,936","18,660","19,684","19,128","20,464","20,972","21,112","20,412","21,988","21,040"
"Subsidies","17,572","17,872","19,228","19,568","21,288","19,796","19,700","19,744","19,472","18,444","19,724","19,468","19,816","17,292","16,932","17,276","17,960","17,716","17,508","18,744","18,192","18,372","19,756","18,236","18,068","19,120","19,168","21,016","19,516","19,444","19,904","19,752","19,852","21,332","21,576","28,984","24,468","27,188","26,652","27,444"
"Subsidies on products and imports 1","12,248","12,036","13,056","13,360","15,164","13,752","13,464","13,444","12,632","12,100","12,644","12,384","12,368","12,532","12,280","12,716","12,492","12,356","12,124","12,564","12,436","12,636","13,264","12,236","12,052","12,108","12,204","13,656","12,876","13,252","13,416","13,260","13,384","14,452","14,552","22,056","17,072","18,972","18,768","19,336"
"Agriculture","..","..","..","..","..","..","..","..","..","..","..","..","..","..","..","..","..","..","..","..","..","..","..","..","..","..","..","..","..","..","..","..","..","..","..","..","..","..","..",".."
"Non-agriculture 1","..","..","..","..","..","..","..","..","..","..","..","..","..","..","..","..","..","..","..","..","..","..","..","..","..","..","..","..","..","..","..","..","..","..","..","..","..","..","..",".."
"Subsidies on production 1","5,324","5,836","6,172","6,208","6,124","6,044","6,236","6,300","6,840","6,344","7,080","7,084","7,448","4,760","4,652","4,560","5,468","5,360","5,384","6,180","5,756","5,736","6,492","6,000","6,016","7,012","6,964","7,360","6,640","6,192","6,488","6,492","6,468","6,880","7,024","6,928","7,396","8,216","7,884","8,108"
"Agriculture","..","..","..","..","..","..","..","..","..","..","..","..","..","..","..","..","..","..","..","..","..","..","..","..","..","..","..","..","..","..","..","..","..","..","..","..","..","..","..",".."
"Non-agriculture 1","..","..","..","..","..","..","..","..","..","..","..","..","..","..","..","..","..","..","..","..","..","..","..","..","..","..","..","..","..","..","..","..","..","..","..","..","..","..","..",".."
"Current transfers to general governments","..","..","..","..","..","..","..","..","..","..","..","..","..","..","..","..","..","..","..","..","..","..","..","..","..","..","..","..","..","..","..","..","..","..","..","..","..","..","..",".."
"To federal general government","..","..","..","..","..","..","..","..","..","..","..","..","..","..","..","..","..","..","..","..","..","..","..","..","..","..","..","..","..","..","..","..","..","..","..","..","..","..","..",".."
"To provincial and territorial general governments","..","..","..","..","..","..","..","..","..","..","..","..","..","..","..","..","..","..","..","..","..","..","..","..","..","..","..","..","..","..","..","..","..","..","..","..","..","..","..",".."
"To provincial and territorial administration","..","..","..","..","..","..","..","..","..","..","..","..","..","..","..","..","..","..","..","..","..","..","..","..","..","..","..","..","..","..","..","..","..","..","..","..","..","..","..",".."
"Taxation agreements","..","..","..","..","..","..","..","..","..","..","..","..","..","..","..","..","..","..","..","..","..","..","..","..","..","..","..","..","..","..","..","..","..","..","..","..","..","..","..",".."
"Post-secondary education","..","..","..","..","..","..","..","..","..","..","..","..","..","..","..","..","..","..","..","..","..","..","..","..","..","..","..","..","..","..","..","..","..","..","..","..","..","..","..",".."
"Hospital insurance","..","..","..","..","..","..","..","..","..","..","..","..","..","..","..","..","..","..","..","..","..","..","..","..","..","..","..","..","..","..","..","..","..","..","..","..","..","..","..",".."
"Medicare","..","..","..","..","..","..","..","..","..","..","..","..","..","..","..","..","..","..","..","..","..","..","..","..","..","..","..","..","..","..","..","..","..","..","..","..","..","..","..",".."
"Extended health care","..","..","..","..","..","..","..","..","..","..","..","..","..","..","..","..","..","..","..","..","..","..","..","..","..","..","..","..","..","..","..","..","..","..","..","..","..","..","..",".."
"Canada Assistance Plan","..","..","..","..","..","..","..","..","..","..","..","..","..","..","..","..","..","..","..","..","..","..","..","..","..","..","..","..","..","..","..","..","..","..","..","..","..","..","..",".."
"Canada Health and Social Transfer","..","..","..","..","..","..","..","..","..","..","..","..","..","..","..","..","..","..","..","..","..","..","..","..","..","..","..","..","..","..","..","..","..","..","..","..","..","..","..",".."
"Canada Health Transfer","..","..","..","..","..","..","..","..","..","..","..","..","..","..","..","..","..","..","..","..","..","..","..","..","..","..","..","..","..","..","..","..","..","..","..","..","..","..","..",".."
"Canada Social Transfer","..","..","..","..","..","..","..","..","..","..","..","..","..","..","..","..","..","..","..","..","..","..","..","..","..","..","..","..","..","..","..","..","..","..","..","..","..","..","..",".."
"Territorial governments","..","..","..","..","..","..","..","..","..","..","..","..","..","..","..","..","..","..","..","..","..","..","..","..","..","..","..","..","..","..","..","..","..","..","..","..","..","..","..",".."
"Official languages","..","..","..","..","..","..","..","..","..","..","..","..","..","..","..","..","..","..","..","..","..","..","..","..","..","..","..","..","..","..","..","..","..","..","..","..","..","..","..",".."
"Regional development","..","..","..","..","..","..","..","..","..","..","..","..","..","..","..","..","..","..","..","..","..","..","..","..","..","..","..","..","..","..","..","..","..","..","..","..","..","..","..",".."
"Other transfers to provincial and territorial general governments","..","..","..","..","..","..","..","..","..","..","..","..","..","..","..","..","..","..","..","..","..","..","..","..","..","..","..","..","..","..","..","..","..","..","..","..","..","..","..",".."
"To provincial and territorial education","..","..","..","..","..","..","..","..","..","..","..","..","..","..","..","..","..","..","..","..","..","..","..","..","..","..","..","..","..","..","..","..","..","..","..","..","..","..","..",".."
"To provincial health and social services","..","..","..","..","..","..","..","..","..","..","..","..","..","..","..","..","..","..","..","..","..","..","..","..","..","..","..","..","..","..","..","..","..","..","..","..","..","..","..",".."
"To local general governments","..","..","..","..","..","..","..","..","..","..","..","..","..","..","..","..","..","..","..","..","..","..","..","..","..","..","..","..","..","..","..","..","..","..","..","..","..","..","..",".."
"To Aboriginal general governments","..","..","..","..","..","..","..","..","..","..","..","..","..","..","..","..","..","..","..","..","..","..","..","..","..","..","..","..","..","..","..","..","..","..","..","..","..","..","..",".."
"Current transfers to non-residents","4,988","4,956","7,700","3,420","5,188","4,860","5,048","5,276","5,132","6,016","4,820","4,812","4,716","6,808","4,744","4,748","3,728","4,688","5,260","5,592","6,036","3,628","5,700","5,516","5,792","4,796","5,396","5,536","5,920","4,572","6,396","4,560","5,420","6,224","4,496","6,252","5,636","5,096","6,980","5,388"
"Contributions and aid","..","..","..","..","..","..","..","..","..","..","..","..","..","..","..","..","..","..","..","..","..","..","..","..","..","..","..","..","..","..","..","..","..","..","..","..","..","..","..",".."
"Pension benefits and other","..","..","..","..","..","..","..","..","..","..","..","..","..","..","..","..","..","..","..","..","..","..","..","..","..","..","..","..","..","..","..","..","..","..","..","..","..","..","..",".."
"Capital transfers 1","6,176","5,032","6,176","5,368","7,272","5,412","5,772","6,068","7,664","5,600","6,152","6,076","6,152","4,840","6,476","6,608","5,400","5,340","5,112","5,860","5,488","5,416","4,772","6,144","11,032","5,324","6,592","5,640","12,092","8,800","7,860","7,000","8,412","8,744","9,628","8,204","10,268","8,836","8,996","14,160"
"To households 1","648","480","468","480","760","176","172","240","908","192","192","208","188","196","192","192","188","136","140","140","136","108","108","132","136","120","124","164","152","288","296","312","328","508","508","516","528","400","448","404"
"To non-profit institutions serving households","680","608","492","560","816","600","584","496","228","464","468","436","344","464","512","508","368","428","344","436","332","360","632","352","396","408","376","456","884","472","516","504","528","576","576","464","656","472","444","432"
"To business 1","4,572","3,944","5,016","4,328","5,484","4,636","5,008","5,332","5,988","4,944","5,480","4,920","5,244","4,180","5,760","5,908","4,268","4,776","4,616","5,232","4,624","4,948","4,032","5,660","10,296","4,796","5,932","5,020","10,852","8,040","6,948","6,184","7,252","7,660","8,544","7,224","8,728","7,964","8,104","13,324"
"To general governments","..","..","..","..","..","..","..","..","..","..","..","..","..","..","..","..","..","..","..","..","..","..","..","..","..","..","..","..","..","..","..","..","..","..","..","..","..","..","..",".."
"To federal general government","..","..","..","..","..","..","..","..","..","..","..","..","..","..","..","..","..","..","..","..","..","..","..","..","..","..","..","..","..","..","..","..","..","..","..","..","..","..","..",".."
"To provincial and territorial general governments","..","..","..","..","..","..","..","..","..","..","..","..","..","..","..","..","..","..","..","..","..","..","..","..","..","..","..","..","..","..","..","..","..","..","..","..","..","..","..",".."
"To provincial administration","..","..","..","..","..","..","..","..","..","..","..","..","..","..","..","..","..","..","..","..","..","..","..","..","..","..","..","..","..","..","..","..","..","..","..","..","..","..","..",".."
"To provincial education","..","..","..","..","..","..","..","..","..","..","..","..","..","..","..","..","..","..","..","..","..","..","..","..","..","..","..","..","..","..","..","..","..","..","..","..","..","..","..",".."
"To provincial health and social services","..","..","..","..","..","..","..","..","..","..","..","..","..","..","..","..","..","..","..","..","..","..","..","..","..","..","..","..","..","..","..","..","..","..","..","..","..","..","..",".."
"To local general governments","..","..","..","..","..","..","..","..","..","..","..","..","..","..","..","..","..","..","..","..","..","..","..","..","..","..","..","..","..","..","..","..","..","..","..","..","..","..","..",".."
"To Aboriginal general governments","..","..","..","..","..","..","..","..","..","..","..","..","..","..","..","..","..","..","..","..","..","..","..","..","..","..","..","..","..","..","..","..","..","..","..","..","..","..","..",".."
"To non-residents","276","0","200","0","212","0","8","0","540","0","12","512","376","0","12","0","576","0","12","52","396","0","0","0","204","0","160","0","204","0","100","0","304","0","0","0","356","0","0","0"
"Interest on debt","58,260","58,320","61,236","62,144","63,020","63,736","62,840","63,488","62,480","62,996","61,296","63,092","64,076","62,628","63,068","61,948","61,236","63,560","61,092","61,848","59,084","61,344","63,944","60,124","60,144","60,036","60,004","60,320","60,860","59,628","59,928","63,080","64,860","65,252","66,568","66,332","66,828","70,068","68,796","67,744"
"General governments surplus or deficit","-43,524","-37,756","-61,176","-56,564","-45,504","-33,604","-38,164","-33,432","-28,804","-27,376","-31,484","-23,944","-33,652","-17,304","-6,712","-6,540","8,424","4,740","8,684","5,104","-4,332","15,952","-2,640","15,768","6,056","2,644","-5,276","-2,704","488","21,568","10,408","10,100","16,244","22,404","31,680","19,324","13,032","6,872","5,856","-1,228"
"Plus: consumption of fixed capital","50,184","51,208","52,240","53,320","54,340","55,340","56,324","57,296","57,292","58,548","59,548","60,480","60,128","60,984","62,096","62,768","62,780","63,392","63,836","64,252","65,080","65,824","66,688","66,960","67,216","67,408","67,992","68,668","69,024","69,704","69,584","70,140","70,968","71,976","73,576","74,284","74,752","75,704","75,976","76,396"
"Less: non-financial capital acquisition","79,512","81,260","81,764","81,116","81,304","77,796","75,272","73,020","77,468","77,356","77,324","76,624","76,492","73,264","72,956","72,788","68,488","51,820","73,324","73,624","68,428","72,976","75,980","76,840","77,492","76,636","76,128","78,476","77,508","81,528","84,068","87,516","88,144","87,288","87,812","85,028","85,616","69,952","85,588","85,804"
"Fixed capital","79,364","80,804","80,736","81,020","79,644","77,764","75,076","73,632","75,948","76,464","76,312","75,840","75,068","72,548","73,320","72,460","70,104","51,408","73,032","73,336","68,416","72,928","75,768","76,572","77,900","76,188","75,852","77,476","79,620","81,148","83,796","87,732","88,928","87,032","87,716","84,684","85,192","70,032","85,728","85,908"
"New capital","79,364","80,804","80,736","81,020","79,644","77,764","75,076","73,632","75,948","76,464","76,312","75,840","75,068","72,548","73,320","72,460","72,364","72,492","73,032","73,336","76,852","75,948","76,004","76,572","77,900","76,188","75,852","77,476","79,620","81,148","83,796","87,732","88,928","87,204","87,716","84,684","85,192","83,912","85,728","85,908"
"Existing capital","0","0","0","0","0","0","0","0","0","0","0","0","0","0","0","0","-2,260","-21,084","0","0","-8,436","-3,020","-236","0","0","0","0","0","0","0","0","0","0","-172","0","0","0","-13,880","0","0"
"Inventories","148","456","1,028","96","1,660","32","196","-612","1,520","892","1,012","784","1,424","716","-364","328","-1,616","412","292","288","12","48","212","268","-408","448","276","1,000","-2,112","380","272","-216","-784","256","96","344","424","-80","-140","-104"
"Equals: net lending or net borrowing","-72,852","-67,808","-90,700","-84,360","-72,468","-56,060","-57,112","-49,156","-48,980","-46,184","-49,260","-40,088","-50,016","-29,584","-17,572","-16,560","2,716","16,312","-804","-4,268","-7,680","8,800","-11,932","5,888","-4,220","-6,584","-13,412","-12,512","-7,996","9,744","-4,076","-7,276","-932","7,092","17,444","8,580","2,168","12,624","-3,756","-10,636"
